{
    "answers": {
    "phase": "testing",
    "action": "other testing",
    "scope": "data management",
    "action experience": 1,
    "language": "sql",
    "other language": "<fill in>",
    "aimodel": "copilot",
    "aimodel version": "<fill in>",
    "open source aimodel": "<fill in>",
    "tool option": "online full",
    "experience with tool": 3,
    "time allocated (h)": "0.5",
    "time saved estimate (h)": "0.1",
    "quality of ai help": 2,
    "knowledge acquired": 0,
    "generic feeling - now": 2,
    "generic feeling - future": 3,
    "threat level": 4,
    "notes": "Tried to use Copilot to generate test data SQL scripts. The suggestions were often incorrect and required significant editing."
    }
}