{
    "answers": {
        "phase":  "coding",
        "action": "problem understanding", 
        "scope":  "api",
        "action experience":  4, 
        "language":  "js-node",
        "other language": "<fill in>",
        "aimodel": "chatgpt", 
        "aimodel version": "o3-mini",
        "open source aimodel": "<fill in>",
        "tool option":  "online full",
        "experience with tool":  4,
        "time allocated (h)": "0.1",
        "time saved estimate (h)": "0.5", 
        "quality of ai help":  4,
        "knowledge acquired":  5,
        "generic feeling - now":  4,
        "generic feeling - future": 4,
        "threat level": 2,
        "notes": "Design best practices and principles, considerations"
    }
}
