{
    "answers": {
        "phase": "requirements specification",
        "action": "design decision",
        "scope": "uml sequence",
        "action experience":  4,
        "language":"js-node",
        "other language": "<fill in>",
        "aimodel": "chatgpt",
        "aimodel version": "<fill in>",
        "open source aimodel": "<fill in>",
        "tool option": "online free",
        "experience with tool":  4,
        "time allocated (h)": "0.2",
        "time saved estimate (h)": "1", 
        "quality of ai help": 5,
        "knowledge acquired": 3,
        "generic feeling - now": 4,
        "generic feeling - future":  5,
        "threat level": 1,
        "notes": "<fill in>"
    }
}