{
    "answers": {
        "phase": "design",
        "action": "design decision",
        "scope": "backend",
        "action experience": 5,
        "language": "java",
        "other language": "<fill in>",
        "aimodel": "copilot",
        "aimodel version": "<fill in>",
        "open source aimodel": "<fill in>",
        "tool option": "online full",
        "experience with tool": 5,
        "time allocated (h)": "4",
        "time saved estimate (h)": "2",
        "quality of ai help": 5,
        "knowledge acquired": 4,
        "generic feeling - now": 5,
        "generic feeling - future": 5,
        "threat level": 0,
        "notes": "Copilot suggested optimized data structures for backend performance."
    }
}