{
    "answers": {
        "phase": "design",
        "action": "design decision",
        "scope": "api",
        "action experience": 1,
        "language": "json",
        "other language": "<fill in>",
        "aimodel": "open source",
        "aimodel version": "<fill in>",
        "open source aimodel": "llama",
        "tool option": "open source",
        "experience with tool": 1,
        "time allocated (h)": "0.5",
        "time saved estimate (h)": "0",
        "quality of ai help": 2,
        "knowledge acquired": 0,
        "generic feeling - now": 2,
        "generic feeling - future": 3,
        "threat level": 4,
        "notes": "Tried to use an open-source model to design API request/response schemas. The results were gibberish."
    }
}