{
    "answers": {
        "phase": "testing",
        "action": "functional testing",
        "scope": "backend",
        "action experience": 3,
        "language": "js-node",
        "other language": "<fill in>",
        "aimodel": "chatgpt",
        "aimodel version": "4o",
        "open source aimodel": "<fill in>",
        "tool option": "online free",
        "experience with tool": 5,
        "time allocated (h)": "1",
        "time saved estimate (h)": "3",
        "quality of ai help": 5,
        "knowledge acquired": 5,
        "generic feeling - now": 3,
        "generic feeling - future": 4,
        "threat level": 5,
        "notes": "<fill in>"
    }
}