{
    "answers": {
    "phase": "testing",
    "action": "other testing",
    "scope": "frontend",
    "action experience": 3,
    "language": "js",
    "other language": "<fill in>",
    "aimodel": "chatgpt",
    "aimodel version": "4",
    "open source aimodel": "<fill in>",
    "tool option": "online full",
    "experience with tool": 4,
    "time allocated (h)": "3",
    "time saved estimate (h)": "1.5",
    "quality of ai help": 4,
    "knowledge acquired": 3,
    "generic feeling - now": 4,
    "generic feeling - future": 4,
    "threat level": 1,
    "notes": "Used to create end-to-end tests for the frontend using Cypress.  Good for generating boilerplate."
    }
}