{
    "answers": {
        "phase": "design",
        "action": "data design",
        "scope": "data management",
        "action experience": 5,
        "language": "sql",
        "other language": "<fill in>",
        "aimodel": "copilot",
        "aimodel version": "<fill in>",
        "open source aimodel": "<fill in>",
        "tool option": "online full",
        "experience with tool": 5,
        "time allocated (h)": "3",
        "time saved estimate (h)": "1.5",
        "quality of ai help": 5,
        "knowledge acquired": 4,
        "generic feeling - now": 5,
        "generic feeling - future": 5,
        "threat level": 0,
        "notes": "Generated SQL code for database schema design and data modeling."
    }
}