{
    "answers": {
        "phase":  "coding", 
        "action": "problem understanding",
        "scope": "backend", 
        "action experience": 3,
        "language": "js-node",
        "other language": "<fill in>",
        "aimodel": "chatgpt",
        "aimodel version": "o3-mini",
        "open source aimodel": "<fill in>",
        "tool option":  "online full", 
        "experience with tool":  4,
        "time allocated (h)": "0.2",
        "time saved estimate (h)": "0.8", 
        "quality of ai help":  4,
        "knowledge acquired":  3,
        "generic feeling - now":  4,
        "generic feeling - future": 4,
        "threat level": 2,
        "notes": "Authorization questions, asked for examples to understand how to implement it"
    }
}
