{
    "answers": {
    "phase": "testing",
    "action": "integration testing",
    "scope": "api",
    "action experience": 3,
    "language": "python",
    "other language": "<fill in>",
    "aimodel": "chatgpt",
    "aimodel version": "3.5",
    "open source aimodel": "<fill in>",
    "tool option": "online full",
    "experience with tool": 3,
    "time allocated (h)": "2",
    "time saved estimate (h)": "0.75",
    "quality of ai help": 3,
    "knowledge acquired": 2,
    "generic feeling - now": 3,
    "generic feeling - future": 4,
    "threat level": 2,
    "notes": "ChatGPT helped me debug an integration test script.  Useful for finding syntax errors."
    }
}