{
    "answers": {
        "phase": "design",
        "action": "data design",
        "scope": "data management",
        "action experience": 4,
        "language": "sql",
        "other language": "<fill in>",
        "aimodel": "gemini",
        "aimodel version": "<fill in>",
        "open source aimodel": "<fill in>",
        "tool option": "online free",
        "experience with tool": 3,
        "time allocated (h)": "2",
        "time saved estimate (h)": "0.75",
        "quality of ai help": 3,
        "knowledge acquired": 2,
        "generic feeling - now": 3,
        "generic feeling - future": 4,
        "threat level": 2,
        "notes": "Helped design database schema for a complex data model."
    }
}