{
    "answers": {
        "phase": "design",
        "action": "design decision",
        "scope": "container configuration",
        "action experience": 2,
        "language": "yaml",
        "other language": "<fill in>",
        "aimodel": "gemini",
        "aimodel version": "<fill in>",
        "open source aimodel": "<fill in>",
        "tool option": "online free",
        "experience with tool": 2,
        "time allocated (h)": "1",
        "time saved estimate (h)": "0.25",
        "quality of ai help": 2,
        "knowledge acquired": 1,
        "generic feeling - now": 3,
        "generic feeling - future": 3,
        "threat level": 3,
        "notes": "Asked Gemini for suggestions for optimizing Docker Compose configuration. Responses were generic."
    }
}