{
    "answers": {
        "phase": "coding",
        "action": "other testing",
        "scope": "backend",
        "action experience":  2,
        "language": "js",
        "other language": "<fill in>",
        "aimodel": "gemini",
        "aimodel version": "Gemini 2.0 Flash Thinking Experimental 01-21",
        "open source aimodel": "<fill in>",
        "tool option": "online free",
        "experience with tool": 4,
        "time allocated (h)": "0.2",
        "time saved estimate (h)": "0.6", 
        "quality of ai help":  4,
        "knowledge acquired": 3,
        "generic feeling - now":  3,
        "generic feeling - future":  3,
        "threat level": 1,
        "notes": "Debug processing, had an error, then the prompt helped me configure that it was a database problem"
    }
}
