{
    "answers": {
    "phase": "testing",
    "action": "unit testing",
    "scope": "api",
    "action experience": 5,
    "language": "js-node",
    "other language": "<fill in>",
    "aimodel": "chatgpt",
    "aimodel version": "4",
    "open source aimodel": "<fill in>",
    "tool option": "online full",
    "experience with tool": 5,
    "time allocated (h)": "3",
    "time saved estimate (h)": "2",
    "quality of ai help": 5,
    "knowledge acquired": 4,
    "generic feeling - now": 5,
    "generic feeling - future": 5,
    "threat level": 0,
    "notes": "ChatGPT helped me write unit tests for a Node.js API endpoint using Jest.  Significantly reduced the time to create comprehensive tests."
    }
}