{
    "answers": {
        "phase": "coding",
        "action": "code management",
        "scope": "backend",
        "action experience": 4,
        "language": "js",
        "other language": "<fill in>",
        "aimodel": "open source",
        "aimodel version": "deepseekR1",
        "open source aimodel": "R1",
        "tool option": "open source",
        "experience with tool": 4,
        "time allocated (h)": "0.1",
        "time saved estimate (h)": "2", 
        "quality of ai help": 5,
        "knowledge acquired": 5,
        "generic feeling - now": 4,
        "generic feeling - future": 3,
        "threat level": 2,
        "notes": "User prompt: what kind of node modules are necessay for back end programming of this type of application, name some and explain some"
    }
}
