{
    "answers": {
        "phase": "architecture",
        "action": "architectural decision",
        "scope": "api",
        "action experience": 5,
        "language": "json",
        "other language": "<fill in>",
        "aimodel": "copilot",
        "aimodel version": "<fill in>",
        "open source aimodel": "<fill in>",
        "tool option": "online full",
        "experience with tool": 5,
        "time allocated (h)": "4",
        "time saved estimate (h)": "2",
        "quality of ai help": 5,
        "knowledge acquired": 4,
        "generic feeling - now": 5,
        "generic feeling - future": 5,
        "threat level": 0,
        "notes": "Helped define API contracts using JSON schema."
    }
}