{
    "answers": {
        "phase": "architecture",
        "action": "architectural decision",
        "scope": "container configuration",
        "action experience": 2,
        "language": "yaml",
        "other language": "<fill in>",
        "aimodel": "chatgpt",
        "aimodel version": "3.5",
        "open source aimodel": "<fill in>",
        "tool option": "online full",
        "experience with tool": 3,
        "time allocated (h)": "1",
        "time saved estimate (h)": "0.5",
        "quality of ai help": 3,
        "knowledge acquired": 2,
        "generic feeling - now": 3,
        "generic feeling - future": 3,
        "threat level": 3,
        "notes": "ChatGPT helped generate basic container configuration (Docker Compose) files."
    }
}