{
    "answers": {
        "phase": "design",
        "action": "design decision",
        "scope": "backend",
        "action experience": 4,
        "language": "java",
        "other language": "<fill in>",
        "aimodel": "chatgpt",
        "aimodel version": "4",
        "open source aimodel": "<fill in>",
        "tool option": "online full",
        "experience with tool": 4,
        "time allocated (h)": "3",
        "time saved estimate (h)": "1.5",
        "quality of ai help": 4,
        "knowledge acquired": 3,
        "generic feeling - now": 4,
        "generic feeling - future": 4,
        "threat level": 1,
        "notes": "Used to design class diagrams for the backend system."
    }
}