{
    "answers": {
        "phase":  "coding",
        "action": "network configuration", 
        "scope":  "api",
        "action experience":  4, 
        "language":  "js-node",
        "other language": "<fill in>",
        "aimodel": "chatgpt", 
        "aimodel version": "o3-mini",
        "open source aimodel": "<fill in>",
        "tool option":  "online full",
        "experience with tool":  4,
        "time allocated (h)": "0.2",
        "time saved estimate (h)": "0.7", 
        "quality of ai help":  5,
        "knowledge acquired":  4,
        "generic feeling - now":  4,
        "generic feeling - future": 3,
        "threat level": 4,
        "notes": "HTTPS and API endpoints secure from network attacks, questions about efficiency for response times"
    }
}
