{
    "answers": {
    "phase": "testing",
    "action": "performance testing",
    "scope": "backend",
    "action experience": 2,
    "language": "n/a",
    "other language": "<fill in>",
    "aimodel": "gemini",
    "aimodel version": "<fill in>",
    "open source aimodel": "<fill in>",
    "tool option": "online free",
    "experience with tool": 2,
    "time allocated (h)": "1",
    "time saved estimate (h)": "0.25",
    "quality of ai help": 2,
    "knowledge acquired": 1,
    "generic feeling - now": 3,
    "generic feeling - future": 3,
    "threat level": 3,
    "notes": "Asked Gemini for help interpreting performance test results.  Output was a bit vague."
    }
}