{
    "answers": {
    "phase": "testing",
    "action": "functional testing",
    "scope": "frontend",
    "action experience": 4,
    "language": "js",
    "other language": "<fill in>",
    "aimodel": "copilot",
    "aimodel version": "<fill in>",
    "open source aimodel": "<fill in>",
    "tool option": "online full",
    "experience with tool": 5,
    "time allocated (h)": "2",
    "time saved estimate (h)": "1",
    "quality of ai help": 5,
    "knowledge acquired": 3,
    "generic feeling - now": 5,
    "generic feeling - future": 5,
    "threat level": 0,
    "notes": "Copilot suggested improvements to existing Selenium tests."
    }
}