{
    "answers": {
    "phase": "testing",
    "action": "integration testing",
    "scope": "messaging design",
    "action experience": 2,
    "language": "yaml",
    "other language": "<fill in>",
    "aimodel": "gemini",
    "aimodel version": "<fill in>",
    "open source aimodel": "<fill in>",
    "tool option": "online free",
    "experience with tool": 2,
    "time allocated (h)": "1",
    "time saved estimate (h)": "0.5",
    "quality of ai help": 3,
    "knowledge acquired": 1,
    "generic feeling - now": 3,
    "generic feeling - future": 4,
    "threat level": 2,
    "notes": "Helped understand messaging queue integration tests."
    }
}