{
    "answers": {
    "phase": "testing",
    "action": "functional testing",
    "scope": "api",
    "action experience": 3,
    "language": "python",
    "other language": "<fill in>",
    "aimodel": "chatgpt",
    "aimodel version": "4",
    "open source aimodel": "<fill in>",
    "tool option": "online full",
    "experience with tool": 4,
    "time allocated (h)": "2",
    "time saved estimate (h)": "1",
    "quality of ai help": 4,
    "knowledge acquired": 3,
    "generic feeling - now": 4,
    "generic feeling - future": 5,
    "threat level": 1,
    "notes": "Helped write API tests in Python."
    }
}