{
    "answers": {
        "phase": "coding",
        "action": "code management",
        "scope": "backend", 
        "action experience":  4,
        "language":  "js", 
        "other language": "<fill in>",
        "aimodel": "chatgpt",
        "aimodel version": "o3-mini",
        "open source aimodel": "<fill in>",
        "tool option": "online full", 
        "experience with tool":  4,
        "time allocated (h)": "0.2",
        "time saved estimate (h)": "1",
        "quality of ai help":  4,
        "knowledge acquired": 5,
        "generic feeling - now":  4,
        "generic feeling - future":  3,
        "threat level":  3,
        "notes": "<fill in>"
    }
}
