{
    "answers": {
        "phase":  "coding", 
        "action":  "unit testing", 
        "scope": "backend", 
        "action experience":  3,
        "language": "js-node", 
        "other language": "<fill in>",
        "aimodel": "chatgpt",
        "aimodel version": "o3-mini",
        "open source aimodel": "<fill in>",
        "tool option":  "online full",
        "experience with tool":  4, 
        "time allocated (h)": "0.5",
        "time saved estimate (h)": "1", 
        "quality of ai help":  4,
        "knowledge acquired":  5,
        "generic feeling - now":  4,
        "generic feeling - future":  4, 
        "threat level":  3,
        "notes": "Questions about unit testing how would I implement, what should I expect, and what should I look out for."
    }
}
