{
    "answers": {
        "phase":  "coding",
        "action": "problem understanding", 
        "scope":  "backend",
        "action experience":  3, 
        "language":  "js-node",
        "other language": "<fill in>",
        "aimodel": "chatgpt", 
        "aimodel version": "o3-mini",
        "open source aimodel": "<fill in>",
        "tool option": "online full", 
        "experience with tool": 4,
        "time allocated (h)": "0.3",
        "time saved estimate (h)": "0.5", 
        "quality of ai help": 4,
        "knowledge acquired":  5,
        "generic feeling - now":  4,
        "generic feeling - future": 3,
        "threat level":  3,
        "notes": "Validation of requests and checking for authorization or not"
    }
}
